{"cameraMode":{"drawMode":0,"name":"Shaded","section":"Shading Mode"},"sceneLighting":false,"audioPlay":false,"sceneViewState":{"showFog":false,"showMaterialUpdate":false,"showSkybox":false,"showFlares":false,"showImageEffects":false,"showParticleSystems":false},"in2DMode":false,"pivot":{"x":2.7809858322143556,"y":0.11985104531049729,"z":-0.6727272868156433},"rotation":{"x":0.05623124539852142,"y":0.5278214812278748,"z":-0.03505098074674606,"w":0.8467667698860169},"size":0.7119359374046326,"orthographic":false}