{"cameraMode":{"drawMode":0,"name":"Shaded","section":"Shading Mode"},"sceneLighting":false,"audioPlay":false,"sceneViewState":{"showFog":false,"showMaterialUpdate":false,"showSkybox":false,"showFlares":false,"showImageEffects":false,"showParticleSystems":false},"in2DMode":false,"pivot":{"x":-1.5679044723510743,"y":0.4707948863506317,"z":0.672870934009552},"rotation":{"x":0.05623124539852142,"y":0.5278214812278748,"z":-0.03505098074674606,"w":0.8467667698860169},"size":1.134490966796875,"orthographic":false}