{"cameraMode":{"drawMode":0,"name":"Shaded","section":"Shading Mode"},"sceneLighting":false,"audioPlay":false,"sceneViewState":{"showFog":false,"showMaterialUpdate":false,"showSkybox":false,"showFlares":false,"showImageEffects":false,"showParticleSystems":false},"in2DMode":false,"pivot":{"x":-0.41578468680381777,"y":0.438973069190979,"z":-0.15599967539310456},"rotation":{"x":0.10181077569723129,"y":0.2473849654197693,"z":-0.026148688048124315,"w":0.9631986021995544},"size":1.0563430786132813,"orthographic":false}