{"cameraMode":{"drawMode":0,"name":"Shaded","section":"Shading Mode"},"sceneLighting":false,"audioPlay":false,"sceneViewState":{"showFog":false,"showMaterialUpdate":false,"showSkybox":false,"showFlares":false,"showImageEffects":false,"showParticleSystems":false},"in2DMode":false,"pivot":{"x":-2.8471946716308595,"y":0.4015493094921112,"z":-0.6258386373519898},"rotation":{"x":0.107233926653862,"y":0.6011548638343811,"z":-0.0818420946598053,"w":0.7876647114753723},"size":0.4644521474838257,"orthographic":false}