{"cameraMode":{"drawMode":0,"name":"Shaded","section":"Shading Mode"},"sceneLighting":false,"audioPlay":false,"sceneViewState":{"showFog":false,"showMaterialUpdate":false,"showSkybox":false,"showFlares":false,"showImageEffects":false,"showParticleSystems":false},"in2DMode":false,"pivot":{"x":0.40641796588897707,"y":0.35326918959617617,"z":-0.6740749478340149},"rotation":{"x":0.05623124539852142,"y":0.5278214812278748,"z":-0.03505098074674606,"w":0.8467667698860169},"size":1.1279149055480958,"orthographic":false}