{"cameraMode":{"drawMode":0,"name":"Shaded","section":"Shading Mode"},"sceneLighting":false,"audioPlay":false,"sceneViewState":{"showFog":false,"showMaterialUpdate":false,"showSkybox":false,"showFlares":false,"showImageEffects":false,"showParticleSystems":false},"in2DMode":false,"pivot":{"x":-0.018751822412014009,"y":0.10576565563678742,"z":0.0},"rotation":{"x":0.10689903795719147,"y":0.82117760181427,"z":-0.16373582184314729,"w":0.5361254811286926},"size":0.31313827633857729,"orthographic":false}