{"cameraMode":{"drawMode":0,"name":"Shaded","section":"Shading Mode"},"sceneLighting":false,"audioPlay":false,"sceneViewState":{"showFog":false,"showMaterialUpdate":false,"showSkybox":false,"showFlares":false,"showImageEffects":false,"showParticleSystems":false},"in2DMode":false,"pivot":{"x":-2.3076202869415285,"y":-0.3664472699165344,"z":1.2715890407562256},"rotation":{"x":0.1744781732559204,"y":0.0687694102525711,"z":-0.012216399423778057,"w":0.9821807146072388},"size":3.405912399291992,"orthographic":false}