{"cameraMode":{"drawMode":0,"name":"Shaded","section":"Shading Mode"},"sceneLighting":false,"audioPlay":false,"sceneViewState":{"showFog":false,"showMaterialUpdate":false,"showSkybox":false,"showFlares":false,"showImageEffects":false,"showParticleSystems":false},"in2DMode":false,"pivot":{"x":-0.016298282891511918,"y":0.15685385465621949,"z":-0.007303997874259949},"rotation":{"x":0.10689903795719147,"y":0.82117760181427,"z":-0.16373582184314729,"w":0.5361254811286926},"size":1.082513689994812,"orthographic":false}