{"cameraMode":{"drawMode":0,"name":"Shaded","section":"Shading Mode"},"sceneLighting":false,"audioPlay":false,"sceneViewState":{"showFog":false,"showMaterialUpdate":false,"showSkybox":false,"showFlares":false,"showImageEffects":false,"showParticleSystems":false},"in2DMode":false,"pivot":{"x":0.2424211949110031,"y":0.17174138128757478,"z":-1.9977480173110963},"rotation":{"x":0.005958997178822756,"y":0.9349188804626465,"z":-0.015717098489403726,"w":0.3544633686542511},"size":1.4490735530853272,"orthographic":false}