{"cameraMode":{"drawMode":0,"name":"Shaded","section":"Shading Mode"},"sceneLighting":false,"audioPlay":false,"sceneViewState":{"showFog":false,"showMaterialUpdate":false,"showSkybox":false,"showFlares":false,"showImageEffects":false,"showParticleSystems":false},"in2DMode":false,"pivot":{"x":3.0879998207092287,"y":0.04640764743089676,"z":1.1672642230987549},"rotation":{"x":0.10181077569723129,"y":0.2473849654197693,"z":-0.026148688048124315,"w":0.9631986021995544},"size":1.4163403511047364,"orthographic":false}