{"cameraMode":{"drawMode":0,"name":"Shaded","section":"Shading Mode"},"sceneLighting":false,"audioPlay":false,"sceneViewState":{"showFog":false,"showMaterialUpdate":false,"showSkybox":false,"showFlares":false,"showImageEffects":false,"showParticleSystems":false},"in2DMode":false,"pivot":{"x":-0.07065245509147644,"y":0.31733250617980959,"z":1.7048730850219727},"rotation":{"x":0.10181077569723129,"y":0.2473849654197693,"z":-0.026148688048124315,"w":0.9631986021995544},"size":2.2766544818878176,"orthographic":false}