{"cameraMode":{"drawMode":0,"name":"Shaded","section":"Shading Mode"},"sceneLighting":false,"audioPlay":false,"sceneViewState":{"showFog":false,"showMaterialUpdate":false,"showSkybox":false,"showFlares":false,"showImageEffects":false,"showParticleSystems":false},"in2DMode":false,"pivot":{"x":-2.052830219268799,"y":0.373009592294693,"z":1.1924068927764893},"rotation":{"x":0.1722804605960846,"y":0.27320170402526858,"z":-0.049801718443632129,"w":0.9450926780700684},"size":1.0105342864990235,"orthographic":false}