{"cameraMode":{"drawMode":0,"name":"Shaded","section":"Shading Mode"},"sceneLighting":false,"audioPlay":false,"sceneViewState":{"showFog":false,"showMaterialUpdate":false,"showSkybox":false,"showFlares":false,"showImageEffects":false,"showParticleSystems":false},"in2DMode":false,"pivot":{"x":-2.274207353591919,"y":0.17992830276489259,"z":-1.2811894416809083},"rotation":{"x":0.19209206104278565,"y":-0.6831359267234802,"z":0.19371217489242555,"w":0.677422821521759},"size":1.126049518585205,"orthographic":false}