{"cameraMode":{"drawMode":0,"name":"Shaded","section":"Shading Mode"},"sceneLighting":false,"audioPlay":false,"sceneViewState":{"showFog":false,"showMaterialUpdate":false,"showSkybox":false,"showFlares":false,"showImageEffects":false,"showParticleSystems":false},"in2DMode":false,"pivot":{"x":-0.10536336898803711,"y":-0.3906981945037842,"z":-0.2035684436559677},"rotation":{"x":-0.02221955731511116,"y":0.15680992603302003,"z":0.0035288080107420685,"w":0.9873725175857544},"size":22.863204956054689,"orthographic":false}