{"cameraMode":{"drawMode":0,"name":"Shaded","section":"Shading Mode"},"sceneLighting":true,"audioPlay":false,"sceneViewState":{"showFog":false,"showMaterialUpdate":false,"showSkybox":false,"showFlares":false,"showImageEffects":false,"showParticleSystems":false},"in2DMode":false,"pivot":{"x":0.10015610605478287,"y":-0.6051987409591675,"z":0.20221373438835145},"rotation":{"x":0.44878435134887698,"y":0.02492685057222843,"z":-0.012524346821010113,"w":0.8932046294212341},"size":1.2939577102661133,"orthographic":false}

