{"cameraMode":{"drawMode":0,"name":"Shaded","section":"Shading Mode"},"sceneLighting":false,"audioPlay":false,"sceneViewState":{"showFog":false,"showMaterialUpdate":false,"showSkybox":false,"showFlares":false,"showImageEffects":false,"showParticleSystems":false},"in2DMode":false,"pivot":{"x":2.156423568725586,"y":0.4142172336578369,"z":1.247474193572998},"rotation":{"x":-0.37285315990448,"y":-0.2388506978750229,"z":0.09994684159755707,"w":-0.891033947467804},"size":6.691032409667969,"orthographic":false}