{"cameraMode":{"drawMode":0,"name":"Shaded","section":"Shading Mode"},"sceneLighting":false,"audioPlay":false,"sceneViewState":{"showFog":false,"showMaterialUpdate":false,"showSkybox":false,"showFlares":false,"showImageEffects":false,"showParticleSystems":false},"in2DMode":false,"pivot":{"x":-0.08194442093372345,"y":0.14292225241661073,"z":0.019490547478199006},"rotation":{"x":-0.3143082857131958,"y":-0.04554661363363266,"z":0.015099309384822846,"w":-0.9481075406074524},"size":22.0,"orthographic":false}