{"cameraMode":{"drawMode":0,"name":"Shaded","section":"Shading Mode"},"sceneLighting":false,"audioPlay":false,"sceneViewState":{"showFog":true,"showMaterialUpdate":false,"showSkybox":true,"showFlares":true,"showImageEffects":true,"showParticleSystems":true},"in2DMode":false,"pivot":{"x":-10.423507690429688,"y":-2.0611119270324709,"z":-0.41137129068374636},"rotation":{"x":-0.21138924360275269,"y":-0.005864368285983801,"z":0.0012683511013165117,"w":-0.977383553981781},"size":22.01702880859375,"orthographic":false}