{"cameraMode":{"drawMode":0,"name":"Shaded","section":"Shading Mode"},"sceneLighting":false,"audioPlay":false,"sceneViewState":{"showFog":true,"showMaterialUpdate":false,"showSkybox":true,"showFlares":true,"showImageEffects":true,"showParticleSystems":true},"in2DMode":false,"pivot":{"x":-0.0823817253112793,"y":-0.4607377052307129,"z":-0.20366641879081727},"rotation":{"x":-0.21138924360275269,"y":-0.005864368285983801,"z":0.0012683511013165117,"w":-0.977383553981781},"size":21.635290145874025,"orthographic":false}